build,section,memory,kind,address,size_bytes
baseline,.isr_vector,FLASH,load_image,0x8000000,1056
baseline,.isr_vector,RAM,runtime,0x20000000,1056
baseline,.text,FLASH,load_image,0x8020000,291100
baseline,.ARM,FLASH,load_image,0x806711c,8
baseline,.data,FLASH,load_image,0x8067124,48
baseline,.data,RAM,runtime,0x20000420,48
baseline,.bss,RAM,runtime,0x20000450,2904
baseline,.heap,RAM,reservation,0x20000fa8,16384
baseline,.stack,RAM,reservation,0x20004fa8,2048
current,.isr_vector,FLASH,load_image,0x8000000,1056
current,.isr_vector,RAM,runtime,0x20000000,1056
current,.text,FLASH,load_image,0x8020000,299340
current,.ARM,FLASH,load_image,0x806914c,8
current,.data,FLASH,load_image,0x8069154,48
current,.data,RAM,runtime,0x20000420,48
current,.bss,RAM,runtime,0x20000450,7000
current,.heap,RAM,reservation,0x20001fa8,16384
current,.stack,RAM,reservation,0x20005fa8,2048
